1,68-751-2931,medical,660.97,MX,4.109.32.211
2,96-002-0697,accidental,163.39,CN,241.166.215.49
3,05-590-0326,accidental,977.46,CN,152.2.183.142
4,54-639-0471,accidental,765.03,CN,15.164.173.210
5,23-675-1144,fire,722.02,SE,101.109.29.101
6,74-298-2793,accidental,872.10,BR,8.253.236.68
7,33-043-6486,accidental,401.29,LT,77.22.238.28
8,00-849-5998,car,680.69,ID,8.72.162.39
9,93-250-4469,car,300.61,GR,179.43.157.130
10,71-114-0986,fire,614.42,CN,52.178.2.64
11,87-747-8853,fire,799.72,JP,29.70.21.46
12,84-743-8715,medical,9.95,RU,179.246.209.26
13,64-823-0982,fire,231.05,CN,10.68.216.195
14,31-212-0539,medical,120.53,RU,53.212.224.87
15,11-474-4864,fire,853.91,UG,66.66.30.109
16,77-900-4160,fire,842.48,SE,153.107.17.162
17,66-017-0300,medical,605.26,PT,56.196.233.81
18,11-478-5433,accidental,829.69,EC,168.132.184.106
19,52-468-2098,medical,469.69,ID,10.41.219.149
20,23-303-3288,accidental,838.83,BR,63.207.140.177
21,64-522-3496,fire,940.40,FI,198.146.43.238
22,27-540-6990,medical,386.82,CO,45.178.111.134
23,53-283-3431,fire,529.56,MY,181.135.188.97
24,59-695-3276,accidental,207.28,ZA,112.159.140.255
25,71-350-4025,fire,282.15,JP,64.15.248.155
26,58-915-2539,car,19.86,ID,71.69.133.169
27,39-048-2128,car,77.27,ID,114.2.198.191
28,36-304-3232,accidental,386.00,BR,94.92.103.144
29,72-924-1408,accidental,624.07,JM,231.42.181.86
30,87-351-7725,accidental,567.44,SY,147.212.123.3
31,73-763-5152,fire,170.87,ID,231.17.63.21
32,71-290-7003,medical,415.09,JP,85.84.131.3
33,70-213-5101,fire,359.44,CN,130.184.30.110
34,43-255-6234,medical,117.50,CA,103.252.98.25
35,02-447-8599,fire,361.05,SI,195.44.106.233
36,70-532-3100,car,618.56,US,247.144.21.107
37,21-555-0549,accidental,712.69,CN,97.79.205.78
38,05-659-1248,accidental,67.13,NG,174.4.226.174
39,77-821-0405,accidental,67.63,CN,103.39.117.20
40,50-156-0255,car,984.33,ID,30.95.42.67
41,01-595-1926,accidental,788.34,FI,178.215.52.126
42,64-913-2402,medical,675.86,CN,18.16.40.93
43,53-870-0011,medical,275.06,ID,60.95.40.168
44,84-214-6038,medical,943.86,ID,134.110.255.151
45,32-994-4752,car,627.12,MC,73.6.98.122
46,08-078-6014,medical,101.39,SE,25.205.99.193
47,01-251-9286,fire,847.26,CN,94.223.62.31
48,34-133-9586,fire,9.62,PH,66.116.189.61
49,42-109-0940,accidental,678.61,KW,145.142.28.125
50,60-959-3994,fire,583.45,CN,215.201.118.135
51,03-565-7303,car,647.36,AR,131.20.210.197
52,49-469-1548,car,852.94,RU,225.11.52.238
53,08-512-2025,fire,935.64,PL,211.184.232.119
54,94-737-1200,car,404.86,BJ,93.87.252.143
55,61-207-4954,car,222.97,KZ,246.78.185.63
56,73-021-1611,accidental,278.04,CN,224.239.47.216
57,31-629-9031,accidental,841.97,FR,76.84.151.144
58,82-850-3213,medical,944.79,AM,88.74.253.145
59,26-227-0399,car,661.44,PL,183.44.255.114
60,06-648-2188,medical,547.40,PH,183.155.249.154
61,63-502-1198,accidental,327.45,US,32.215.20.158
62,93-929-0693,car,259.69,CN,88.202.175.253
63,99-782-7098,car,13.09,RU,105.105.174.11
64,09-776-6361,accidental,955.49,UA,125.234.83.197
65,13-034-4185,medical,619.98,UA,56.144.153.144
66,17-989-9121,medical,115.12,DE,115.247.111.100
67,81-222-0939,fire,319.43,ID,238.97.23.19
68,29-905-0166,car,114.14,VE,15.18.21.171
69,12-988-2289,car,679.22,CN,73.127.68.182
70,22-130-2546,car,993.66,PS,219.144.54.121
71,32-250-5182,car,694.06,CN,193.218.244.202
72,12-530-5254,fire,950.63,GR,156.72.38.212
73,66-222-9935,car,438.01,SE,122.44.42.54
74,73-877-7593,accidental,233.42,VE,112.78.33.94
75,00-332-4520,accidental,975.32,CZ,176.121.226.135
76,79-394-8577,accidental,668.53,ID,87.30.168.180
77,38-705-5732,medical,178.34,UA,233.168.179.166
78,30-883-7448,medical,390.41,GT,47.178.0.112
79,95-702-8567,car,144.07,RU,190.108.216.70
80,03-934-4219,fire,531.97,PK,167.207.21.245
81,27-908-1213,accidental,888.15,ID,83.76.69.147
82,50-409-5905,fire,666.76,CO,46.213.183.38
83,18-033-3412,fire,760.29,CU,161.45.188.115
84,18-815-2835,fire,619.34,PT,136.62.162.86
85,62-937-7442,car,265.03,PH,136.219.22.252
86,50-005-8174,medical,430.66,RU,65.32.21.65
87,16-819-5979,fire,143.20,BA,17.255.70.121
88,60-541-7003,fire,791.05,HR,223.224.173.210
89,11-208-8766,car,527.28,ID,62.79.55.80
90,52-061-4579,accidental,796.98,CN,142.31.6.244
91,76-908-9876,accidental,651.41,HN,29.79.253.129
92,69-157-4287,medical,305.40,US,3.191.90.140
93,51-095-8632,accidental,677.80,PH,66.111.218.160
94,29-559-8949,car,97.59,FR,25.130.123.203
95,30-631-7374,medical,200.24,CN,242.186.118.253
96,43-017-2042,accidental,915.78,PE,99.226.66.90
97,65-759-0511,medical,737.40,CN,180.190.134.248
98,17-830-2097,accidental,150.29,NZ,252.120.221.26
99,84-707-3386,accidental,540.68,SE,224.253.132.204
100,47-294-3662,car,824.20,ID,42.65.12.21
101,17-544-6925,accidental,83.53,NG,46.145.159.13
102,76-034-5617,car,785.97,KE,68.228.195.35
103,25-331-1334,accidental,715.97,CN,101.42.231.101
104,33-660-4424,accidental,870.11,AR,62.196.140.10
105,29-804-4106,accidental,415.72,CN,203.23.116.102
106,71-572-3512,car,604.94,ID,111.184.66.143
107,46-690-1067,car,847.63,MA,177.158.135.76
108,51-843-0640,accidental,91.11,US,133.162.176.206
109,35-897-7921,fire,719.78,CN,202.16.5.69
110,28-115-0478,accidental,447.70,CZ,185.152.242.160
111,34-794-7956,fire,90.70,VE,149.176.34.69
112,08-924-2798,car,433.55,CO,232.2.118.246
113,41-712-5167,accidental,775.97,FM,77.72.235.140
114,71-558-8288,accidental,805.86,PH,189.85.85.234
115,36-513-1679,car,811.95,FR,101.169.111.77
116,46-483-3761,medical,253.34,CN,182.34.187.39
117,20-065-1595,fire,481.91,RU,252.139.237.177
118,64-062-4700,medical,981.61,TN,144.227.22.67
119,44-959-3941,fire,596.37,PT,8.155.98.195
120,59-386-3446,accidental,846.10,MN,16.3.128.171
121,04-112-4798,medical,669.62,ES,60.104.252.76
122,94-059-0512,fire,772.45,ID,166.125.31.66
123,43-412-7802,fire,69.53,TH,94.32.25.253
124,96-363-6761,fire,463.75,PE,197.71.27.190
125,38-004-4132,accidental,366.68,CY,115.111.195.71
126,53-261-6992,car,115.45,RU,42.46.101.204
127,05-473-2481,accidental,964.05,ID,210.186.107.64
128,74-445-0665,accidental,597.56,LB,18.59.78.69
129,66-126-0765,car,32.94,PH,81.62.199.194
130,24-922-5960,car,132.50,PL,133.118.232.19
131,13-690-0225,medical,654.36,PL,6.132.80.205
132,32-689-4279,fire,467.91,PH,62.230.233.161
133,17-256-7256,fire,583.44,AR,40.23.7.68
134,79-506-6303,fire,518.22,SE,170.120.71.69
135,93-088-6197,medical,35.89,TH,202.192.6.59
136,88-253-5987,accidental,167.31,NI,211.30.33.119
137,19-592-2412,car,220.92,CN,227.97.36.78
138,52-807-3749,accidental,888.28,UA,30.136.149.244
139,54-015-4884,accidental,19.28,ID,224.234.159.247
140,40-955-2400,car,436.51,CN,87.133.100.115
141,57-861-9024,fire,946.52,CN,150.37.207.231
142,82-818-7242,medical,18.93,CN,131.203.155.63
143,98-404-0484,car,454.38,TH,213.141.4.181
144,51-416-5061,medical,989.28,CN,143.154.19.212
145,87-683-8188,medical,428.67,AR,95.238.71.196
146,80-253-4958,accidental,152.54,PT,204.111.7.183
147,91-361-6582,accidental,413.95,BR,207.166.5.249
148,25-736-3840,medical,907.35,CH,226.234.118.232
149,13-744-1122,medical,965.08,DE,18.70.106.169
150,30-602-1586,medical,718.22,CN,126.76.94.8
151,27-467-0007,fire,764.00,CN,149.204.31.17
152,30-899-2563,car,450.14,ID,108.129.122.147
153,51-307-5691,accidental,545.32,PL,30.122.201.107
154,44-132-7625,medical,25.80,BO,80.241.174.11
155,55-847-7396,fire,794.17,AR,236.50.11.199
156,35-755-9781,accidental,7.34,CO,242.169.170.51
157,43-135-9709,fire,577.43,ID,170.48.172.86
158,74-929-6431,fire,530.10,US,236.92.254.234
159,36-354-6092,car,362.16,CN,107.151.118.87
160,52-519-2991,car,932.54,CN,61.75.252.238
161,59-478-4320,car,249.63,IR,136.195.6.83
162,85-954-3007,car,652.90,NO,0.63.236.222
163,46-631-9997,fire,267.87,US,62.214.74.62
164,56-193-8444,fire,222.87,CA,162.230.36.240
165,75-376-6843,car,468.77,JP,91.156.91.220
166,41-429-8908,accidental,546.35,ID,49.172.235.98
167,80-671-2729,fire,899.79,EE,76.20.193.201
168,87-970-1004,medical,857.59,FR,210.195.233.123
169,47-346-7823,medical,864.09,CN,85.20.189.114
170,90-932-7119,car,623.65,RU,48.119.179.234
171,61-857-3722,fire,345.56,AR,162.160.137.241
172,75-196-3565,car,379.23,CN,229.138.86.29
173,87-990-3855,accidental,323.50,DE,154.151.84.17
174,80-454-6276,accidental,115.44,MY,224.186.124.157
175,16-479-9208,car,170.91,ID,72.120.116.249
176,59-237-2772,fire,844.80,CN,137.222.228.237
177,76-568-5362,medical,559.70,CN,250.9.126.241
178,02-875-1687,car,916.41,CO,105.250.197.58
179,55-459-2386,fire,866.42,RU,64.139.27.255
180,05-696-4501,fire,358.87,BR,6.42.91.202
181,38-763-7704,medical,393.94,RU,70.190.185.185
182,42-043-5850,accidental,710.43,AM,235.148.31.45
183,62-024-4600,accidental,643.24,BR,39.41.249.197
184,15-109-2654,accidental,700.88,BR,195.40.172.75
185,76-688-3024,accidental,485.44,US,212.172.196.124
186,46-318-1801,accidental,731.29,CN,50.45.80.164
187,85-325-9454,accidental,389.58,ID,33.25.193.112
188,41-897-1833,car,822.98,FI,41.247.47.134
189,01-228-3299,fire,538.07,CA,39.176.175.211
190,36-839-0808,accidental,13.90,CN,68.126.171.61
191,40-373-9499,fire,502.88,HR,52.43.116.147
192,19-038-0595,car,429.19,EG,208.174.103.255
193,68-344-4776,medical,774.67,JP,232.39.17.118
194,81-690-8998,medical,395.62,RU,222.224.29.145
195,80-477-2293,car,179.15,ID,114.103.226.156
196,06-056-2827,accidental,626.87,CN,108.5.171.87
197,31-429-4734,fire,208.04,JP,191.7.180.222
198,49-158-9454,accidental,244.86,GH,74.20.203.42
199,97-383-1098,medical,786.27,CN,244.133.242.251
200,32-549-3501,fire,272.86,HR,152.246.92.43
201,08-857-9398,car,553.70,CU,228.83.76.116
202,78-602-1215,fire,115.28,ID,154.159.63.202
203,57-279-2282,accidental,797.19,DO,177.253.193.248
204,41-228-3138,medical,828.82,CN,164.9.41.220
205,79-337-5167,fire,930.09,CR,243.85.5.25
206,98-162-4258,fire,592.72,PT,242.79.136.127
207,93-884-3553,medical,257.32,PL,162.11.165.245
208,83-667-2970,car,119.19,PT,131.156.84.154
209,87-235-6075,fire,919.92,CN,156.9.206.34
210,64-206-0405,accidental,356.47,JP,202.106.42.151
211,48-918-8221,fire,348.21,SN,250.88.132.4
212,08-487-0108,fire,532.06,US,138.163.253.34
213,70-203-3006,medical,768.02,PT,103.202.146.30
214,41-646-6081,accidental,586.51,BR,195.77.217.37
215,96-053-1519,fire,904.98,US,198.141.1.213
216,84-511-0447,medical,108.18,CN,67.148.32.66
217,48-068-8503,car,929.37,RU,182.19.95.100
218,29-219-9041,car,128.38,KP,59.125.168.87
219,63-958-5466,fire,926.14,PT,143.223.12.60
220,61-236-0422,car,898.47,CN,97.206.253.206
221,83-974-1461,medical,789.76,RU,36.27.65.48
222,87-084-5014,fire,270.82,PH,134.116.119.130
223,66-116-7661,accidental,462.56,ID,254.131.111.13
224,13-208-6095,car,845.62,GN,227.51.112.136
225,18-123-0743,accidental,711.74,PT,120.206.226.205
226,69-693-7131,medical,809.29,ID,163.77.223.74
227,68-817-3453,car,509.46,NO,119.116.44.39
228,11-228-3663,fire,327.83,RU,93.39.38.182
229,58-923-9100,accidental,509.38,CN,1.84.48.103
230,04-579-2337,medical,841.11,JP,241.238.227.24
231,16-985-7090,car,821.30,ID,156.169.249.172
232,95-887-1902,accidental,371.17,PT,229.20.80.230
233,22-734-7244,car,234.29,JO,88.152.6.183
234,88-414-6664,accidental,678.20,PH,8.141.239.184
235,06-903-4824,fire,981.32,CZ,141.54.14.205
236,04-331-4498,car,532.59,MX,143.202.108.40
237,41-444-5666,medical,385.39,FR,212.238.93.65
238,64-821-8430,car,2.73,CN,234.234.95.138
239,29-007-9054,medical,894.41,PE,35.4.63.107
240,02-168-2121,medical,752.75,FR,214.116.37.38
241,42-077-7362,medical,354.20,PL,227.149.226.207
242,84-787-1962,medical,323.36,ID,130.96.1.237
243,58-336-3953,fire,239.80,RU,51.56.222.11
244,10-568-5641,accidental,773.56,PL,172.151.156.76
245,23-555-0344,fire,501.25,UA,194.198.154.112
246,15-292-0714,medical,296.44,ID,190.253.78.122
247,15-651-1948,medical,870.56,GR,101.173.144.251
248,61-394-2835,car,492.79,AR,23.253.201.212
249,89-728-2524,fire,870.60,US,241.69.251.151
250,10-367-6310,accidental,284.16,RU,96.148.57.251
251,76-531-9721,car,316.93,SL,131.71.240.53
252,37-579-8115,fire,873.81,CO,119.62.13.255
253,83-380-8136,fire,749.07,AR,129.99.128.134
254,85-421-8654,medical,876.57,RU,223.187.196.217
255,58-959-1477,car,216.73,CN,135.66.47.130
256,83-078-2545,fire,274.65,ID,75.140.209.128
257,10-004-7801,fire,404.87,BR,152.10.238.82
258,16-127-6006,medical,462.97,CN,100.100.207.102
259,99-875-9079,accidental,198.43,ID,72.144.142.231
260,21-673-1501,accidental,557.86,SE,105.51.153.160
261,17-911-5774,fire,700.20,CN,119.158.62.102
262,61-297-4255,accidental,831.33,MY,55.78.86.3
263,34-545-1211,accidental,269.97,CN,190.9.193.222
264,50-772-8539,fire,2.39,BR,237.160.227.113
265,10-188-8849,fire,719.22,CN,181.174.172.97
266,81-546-0954,accidental,786.65,IQ,12.24.188.213
267,02-649-1265,car,751.13,PH,65.88.201.159
268,61-316-0558,car,928.87,PT,156.143.122.251
269,12-835-5602,fire,144.43,TN,135.237.182.71
270,91-771-3641,car,610.27,PT,211.61.56.32
271,40-856-2428,accidental,195.41,CN,133.63.145.154
272,82-600-6597,car,599.93,CA,10.161.60.97
273,29-497-4414,fire,8.30,SE,129.21.126.251
274,72-877-5917,car,723.09,CN,63.74.90.29
275,34-425-1123,accidental,133.77,CN,173.20.242.78
276,55-788-3155,medical,272.66,US,61.117.214.4
277,80-481-6133,fire,433.29,BJ,65.72.189.182
278,18-259-6007,medical,714.29,PH,216.107.75.34
279,38-640-6860,accidental,352.28,US,0.40.77.235
280,35-107-0140,medical,138.64,PH,175.128.202.170
281,96-482-3908,accidental,27.28,CN,56.181.47.191
282,56-974-9514,fire,358.18,PL,190.70.1.110
283,21-121-1488,car,405.41,NO,143.9.89.199
284,59-895-5915,car,620.98,PL,66.223.205.1
285,29-013-2159,fire,641.03,NP,67.168.165.231
286,72-234-8077,fire,361.09,JP,152.32.8.42
287,88-725-3714,fire,959.88,PH,60.137.46.93
288,08-755-2330,car,242.12,PE,47.161.242.254
289,17-000-2399,fire,250.53,MX,14.62.25.74
290,01-961-0455,car,417.99,CO,22.184.45.113
291,50-525-2613,fire,606.59,NG,72.74.244.165
292,76-789-1688,medical,960.04,HR,103.19.113.131
293,01-485-9664,fire,617.06,PT,187.222.108.30
294,07-872-9698,fire,18.78,TN,10.218.39.159
295,02-838-0125,accidental,930.08,ID,72.157.218.119
296,44-257-1161,accidental,468.17,US,178.220.116.77
297,07-847-9044,fire,739.58,CN,213.39.132.78
298,92-871-3932,medical,225.82,PL,76.144.98.2
299,39-684-3829,medical,176.79,PH,159.92.109.60
300,74-712-7493,medical,479.86,PH,71.117.13.221
301,71-504-0101,medical,195.17,CN,184.211.187.70
302,12-764-6939,accidental,277.38,JP,54.223.88.182
303,64-424-3835,fire,935.12,KE,253.236.36.122
304,43-943-5490,medical,913.32,RU,202.8.155.21
305,82-019-5642,fire,295.11,CN,182.13.249.255
306,73-647-9642,car,726.03,CN,26.169.96.208
307,64-341-3091,medical,43.85,CN,96.14.156.14
308,21-247-4782,fire,860.29,CN,78.128.85.241
309,13-446-6141,car,899.15,HN,59.119.159.77
310,27-043-7441,fire,920.65,CN,135.198.41.157
311,69-968-0289,car,881.83,TZ,218.231.235.252
312,36-596-2584,car,601.28,AL,238.42.15.87
313,66-445-6829,car,255.73,ZA,233.78.135.50
314,29-772-3935,fire,455.87,CN,251.216.19.19
315,31-455-4930,accidental,338.17,LV,209.246.225.9
316,01-480-4153,accidental,684.05,PL,181.62.89.205
317,76-136-2153,car,600.59,FR,247.87.28.141
318,62-517-3151,medical,791.49,HT,63.248.253.131
319,67-946-6068,fire,341.13,KH,103.61.50.4
320,12-195-4290,accidental,826.73,CZ,129.146.120.26
321,41-862-9338,car,868.25,PL,78.94.189.42
322,95-221-6098,car,314.21,MX,21.62.229.47
323,63-160-4688,fire,364.32,CN,113.203.6.248
324,70-412-1734,medical,806.37,MX,89.102.211.55
325,60-968-7852,fire,438.40,FR,134.86.47.239
326,51-880-9631,car,887.69,ID,200.133.204.57
327,14-999-5413,medical,938.02,YE,39.131.72.93
328,01-842-9557,fire,148.56,ML,138.66.205.73
329,12-659-8395,accidental,743.25,AF,64.149.19.0
330,88-336-0902,accidental,766.95,RU,124.110.220.229
331,66-503-6182,car,927.32,CN,50.108.185.240
332,19-940-2182,accidental,249.59,TZ,156.89.155.61
333,20-407-6296,medical,924.04,ID,179.191.178.157
334,16-661-9884,medical,820.85,AO,37.58.156.218
335,71-969-5511,medical,717.65,CN,100.5.142.17
336,33-034-7352,accidental,920.99,PT,84.209.100.136
337,82-577-5600,car,71.26,CN,208.219.110.91
338,15-928-5427,car,387.38,JP,52.11.212.187
339,80-867-6857,accidental,475.91,ID,211.220.13.180
340,20-784-6522,medical,743.41,VN,245.102.125.253
341,21-205-4550,accidental,943.75,SY,173.94.152.20
342,95-676-8253,medical,827.17,CN,123.109.67.0
343,67-246-9728,fire,763.08,RS,232.155.242.133
344,45-359-4125,fire,427.56,RU,4.0.252.168
345,75-314-1371,medical,763.59,ID,63.233.180.27
346,30-591-1270,fire,356.08,CN,245.40.212.190
347,05-146-0404,medical,2.28,ID,221.83.242.44
348,22-130-9334,medical,863.43,RU,139.176.96.225
349,65-876-7956,car,896.09,PL,85.24.120.110
350,38-191-7803,car,139.01,CN,53.37.204.28
351,36-731-3694,fire,224.64,CN,36.194.84.49
352,25-796-9100,fire,23.79,TN,57.90.87.225
353,23-267-0973,fire,815.99,MG,12.224.125.78
354,69-137-4821,fire,455.27,SE,217.22.49.193
355,99-121-3478,fire,724.17,CN,147.54.81.113
356,86-786-3205,medical,896.24,UA,5.53.110.83
357,98-415-4259,car,60.58,CZ,254.170.65.245
358,35-353-3632,medical,615.72,BW,94.249.22.98
359,09-698-8434,medical,363.43,PL,73.45.60.133
360,16-778-8828,fire,525.48,NG,90.211.250.64
361,78-495-9510,car,754.24,ZA,238.186.139.221
362,11-302-4478,medical,544.15,BR,86.252.231.36
363,66-264-2793,accidental,679.61,PL,181.185.45.84
364,33-679-8463,medical,63.19,CN,56.221.189.171
365,44-382-9263,fire,46.26,PT,148.65.90.4
366,74-520-2711,car,330.93,RU,35.79.11.124
367,53-451-1797,fire,728.40,CN,6.6.101.215
368,34-603-8055,fire,814.41,AF,17.90.27.71
369,50-740-2980,accidental,177.56,BR,22.98.248.0
370,07-425-3730,accidental,715.39,ID,93.129.209.8
371,79-354-3668,accidental,409.08,JP,33.38.172.28
372,08-737-5494,accidental,846.46,TH,188.223.83.248
373,00-620-2044,car,47.79,TH,21.171.64.81
374,85-085-1091,accidental,888.51,CZ,94.168.20.218
375,94-582-5407,accidental,638.06,CN,132.161.216.126
376,09-901-3822,fire,87.36,CO,101.19.127.7
377,35-222-9324,fire,809.80,ID,245.141.220.11
378,17-630-7468,car,723.26,PE,154.81.54.193
379,15-896-7661,medical,894.26,BD,176.253.253.172
380,12-241-0074,car,885.38,MX,64.88.187.1
381,90-272-2574,car,301.37,CN,248.93.83.123
382,36-212-6080,accidental,795.71,ID,174.9.174.148
383,93-963-2142,car,546.09,MA,62.112.224.209
384,73-308-2811,fire,970.89,ID,83.56.82.81
385,92-652-4750,fire,271.21,CA,124.35.187.89
386,95-075-6455,fire,731.45,KR,98.115.39.95
387,39-562-3280,fire,711.96,RU,167.239.242.226
388,99-319-5551,accidental,134.36,FR,31.184.170.167
389,20-585-9319,car,485.26,SE,226.242.59.61
390,58-788-7064,medical,228.16,CN,169.181.253.180
391,76-243-5870,accidental,773.39,HN,215.18.74.241
392,41-711-5492,car,312.74,RU,167.85.109.163
393,67-165-2635,fire,637.22,TO,147.0.141.254
394,25-901-0034,medical,264.30,PT,247.165.205.6
395,17-333-8179,fire,115.55,ID,65.66.217.85
396,01-162-7061,fire,378.26,PT,7.1.118.8
397,26-859-7940,accidental,660.62,CN,242.156.106.230
398,03-708-6019,accidental,963.78,CN,45.9.148.124
399,24-017-4070,car,444.33,BR,229.132.166.65
400,29-471-7603,car,621.98,PT,107.149.195.223
401,37-845-5276,fire,745.18,CN,169.52.52.171
402,85-258-2828,car,341.88,PH,77.76.105.189
403,32-677-0676,accidental,830.15,CN,254.231.224.173
404,00-826-2501,medical,607.15,RU,68.96.106.54
405,66-517-1199,accidental,414.65,CO,89.69.9.244
406,49-879-2842,medical,389.36,CZ,218.166.20.29
407,37-861-4795,medical,478.01,PA,192.237.45.147
408,19-540-1874,accidental,91.59,NL,4.122.29.180
409,02-892-2583,car,109.43,NG,12.254.221.196
410,63-885-7154,accidental,442.94,ID,10.137.215.150
411,42-954-2719,medical,467.66,CN,8.127.8.48
412,70-424-9639,fire,50.32,PT,242.178.185.56
413,24-282-2026,car,785.63,MN,142.137.159.190
414,44-509-7273,medical,837.24,CN,179.243.121.148
415,93-671-8017,accidental,996.72,ID,220.55.146.158
416,79-166-1563,accidental,823.22,FR,212.36.235.203
417,04-902-2359,accidental,70.69,SY,241.10.9.155
418,96-127-1697,car,388.39,FR,51.53.243.176
419,36-769-3401,medical,399.74,CN,156.216.20.228
420,22-599-2995,car,759.74,GR,33.166.205.76
421,07-796-9349,medical,767.62,CN,214.188.34.145
422,84-846-8173,car,22.71,PY,100.218.66.100
423,45-845-4161,fire,31.70,RS,102.39.197.9
424,43-168-1534,accidental,492.08,NG,75.56.73.120
425,53-926-4889,medical,66.54,BR,242.114.155.170
426,53-145-3851,fire,125.55,AM,181.148.150.10
427,03-968-9508,car,304.83,ID,184.66.228.98
428,08-683-7940,accidental,364.00,AR,53.102.96.47
429,33-978-1981,medical,558.41,BR,226.81.72.244
430,33-604-5149,car,556.65,BR,165.91.22.101
431,37-724-2849,medical,965.44,CN,238.94.65.238
432,50-963-4255,car,862.55,HN,121.141.127.41
433,49-667-8273,medical,30.83,PL,174.203.219.124
434,05-625-1530,accidental,419.69,ME,213.61.212.244
435,82-979-3803,car,648.22,BR,252.105.39.141
436,34-613-3075,accidental,251.26,US,93.146.21.46
437,19-154-2378,car,881.53,MX,106.209.46.10
438,66-227-4204,car,519.56,CN,60.37.98.0
439,36-111-2837,fire,986.76,UA,180.142.224.57
440,38-832-1368,accidental,806.35,PE,54.122.19.58
441,25-916-9331,medical,41.50,CZ,139.141.53.124
442,05-474-4824,fire,534.07,CN,115.236.234.46
443,97-439-6782,medical,382.30,ID,166.91.207.231
444,07-370-5742,medical,148.55,RU,226.190.86.28
445,92-926-0043,fire,426.77,GT,174.10.244.140
446,75-314-0862,accidental,256.86,TZ,217.18.194.162
447,76-586-9738,accidental,979.37,MN,75.206.147.70
448,71-951-8056,car,121.15,CN,239.161.204.114
449,48-163-4813,medical,262.45,ID,193.27.217.10
450,64-790-7397,accidental,596.42,LV,143.189.218.45
451,74-480-7248,fire,675.50,CN,104.184.91.124
452,03-297-4089,medical,885.59,CN,193.102.23.144
453,90-272-0930,fire,584.18,ID,10.175.29.73
454,80-711-3981,accidental,582.12,RU,64.111.28.166
455,62-272-0702,accidental,893.93,ZA,86.210.99.237
456,89-323-3241,fire,112.85,CN,8.75.160.80
457,49-759-8684,medical,576.94,CZ,177.125.65.200
458,34-139-2127,medical,916.13,YE,12.248.226.164
459,11-707-3154,accidental,489.67,VN,69.138.149.53
460,19-467-7823,accidental,238.94,CN,210.85.22.222
461,96-559-1970,car,953.54,FR,249.115.231.153
462,74-791-1008,accidental,36.92,RU,61.101.120.133
463,06-406-0499,car,681.98,PK,68.26.14.114
464,36-397-1164,car,466.25,CZ,188.194.124.164
465,35-326-8441,fire,920.81,UA,16.31.174.89
466,11-915-3151,car,55.15,PH,60.123.138.147
467,44-807-1021,car,584.14,FR,43.117.164.138
468,76-612-4074,medical,965.59,UA,202.107.99.90
469,31-580-3621,fire,397.49,ID,193.167.11.28
470,13-125-0532,medical,209.01,CN,59.34.103.234
471,34-581-0999,car,451.47,DO,75.16.152.98
472,61-722-4819,medical,279.88,BR,203.255.175.13
473,45-120-1628,car,427.45,AR,104.202.5.157
474,06-745-7823,medical,649.72,CN,113.238.164.195
475,60-904-6818,medical,36.29,UA,218.65.156.236
476,75-421-1314,car,652.82,RU,84.82.79.60
477,09-095-2160,medical,711.15,CN,21.169.178.1
478,41-949-7947,medical,94.59,CN,21.120.55.162
479,45-799-4405,fire,31.76,BR,246.27.166.10
480,71-665-5961,fire,877.23,CN,209.47.69.56
481,89-934-5488,fire,844.08,VE,180.77.207.72
482,56-257-8448,medical,633.83,TH,48.205.28.34
483,73-284-7672,accidental,144.36,SA,29.218.130.142
484,56-625-7380,car,718.89,RU,56.1.1.136
485,41-557-9188,car,501.92,CN,159.227.36.137
486,62-866-7740,accidental,275.62,PK,36.196.160.239
487,08-241-1054,car,79.31,CN,134.111.190.11
488,49-749-4538,accidental,264.13,BJ,0.81.165.64
489,27-641-9131,accidental,465.10,BR,232.160.236.24
490,39-505-4210,fire,4.51,KE,58.191.45.218
491,44-797-9404,fire,224.27,CN,222.168.123.61
492,77-951-4723,accidental,896.33,PT,202.209.82.151
493,54-498-1317,car,815.20,NL,102.187.106.0
494,60-807-1359,fire,481.71,IE,114.248.134.70
495,70-490-5354,fire,107.83,GY,91.89.175.174
496,85-723-3122,accidental,118.40,RU,230.22.203.183
497,76-588-5391,fire,595.00,MY,153.190.3.155
498,09-853-1163,car,132.75,FR,49.186.218.61
499,34-578-4507,car,654.93,FR,138.228.166.14
500,62-322-0692,car,635.61,AR,244.213.33.47
501,57-337-3802,accidental,834.05,CN,73.209.234.21
502,37-326-8435,accidental,916.47,BG,232.155.105.55
503,25-110-3537,fire,821.28,CN,21.179.94.206
504,39-282-0860,medical,625.52,CO,85.161.52.255
505,94-010-2079,accidental,484.53,LU,210.31.159.96
506,88-685-4846,accidental,119.13,HR,44.118.253.173
507,34-924-7178,accidental,606.87,ID,160.159.217.95
508,40-826-1111,medical,20.56,FR,185.235.249.45
509,10-972-5329,fire,708.33,LV,164.189.1.209
510,33-379-4671,car,107.14,PH,157.87.234.163
511,35-706-3961,car,958.85,GR,210.130.230.182
512,98-843-0755,car,498.86,SE,106.120.249.133
513,83-708-5336,accidental,696.48,UG,136.225.147.244
514,21-907-9338,fire,446.59,GR,169.28.253.148
515,71-757-1373,medical,346.38,CN,233.175.61.123
516,72-337-7363,accidental,877.87,PH,94.38.215.178
517,56-378-6227,car,672.33,ID,226.150.190.179
518,31-821-7713,fire,856.58,CN,147.229.133.121
519,45-571-5155,medical,340.43,FR,83.228.28.209
520,97-983-4735,medical,494.94,RS,225.29.133.169
521,03-761-4343,car,144.53,ID,115.233.103.19
522,57-098-1665,accidental,86.89,ID,249.223.6.219
523,79-953-2186,medical,52.45,HN,176.151.16.185
524,34-330-3766,accidental,929.11,CN,153.92.104.175
525,90-179-8535,medical,957.85,PH,168.42.187.183
526,35-802-6779,medical,305.89,ID,245.87.21.86
527,07-149-6424,accidental,570.51,MA,199.82.99.10
528,52-655-9202,fire,593.00,AF,185.57.105.194
529,41-230-7334,medical,635.59,JP,215.10.214.19
530,55-858-0896,fire,587.71,GR,216.12.253.46
531,30-810-4466,medical,266.38,CN,234.114.156.78
532,00-305-7349,accidental,264.46,PH,165.234.14.43
533,28-621-1756,accidental,155.23,CN,82.190.241.30
534,46-674-3127,medical,451.50,BW,166.53.217.188
535,98-093-9390,fire,86.85,CN,229.102.22.4
536,11-212-2786,fire,643.00,HN,26.51.160.126
537,53-607-8961,car,245.40,FR,63.24.59.7
538,59-046-3212,medical,39.53,ID,99.74.17.45
539,18-028-7699,car,957.79,HN,183.28.182.77
540,62-072-7473,accidental,937.53,ID,85.185.93.249
541,68-430-2475,accidental,165.02,SE,252.7.193.188
542,91-092-8188,car,939.91,ID,118.109.125.53
543,83-579-3693,car,993.60,BR,78.242.232.217
544,21-280-0508,accidental,222.11,CZ,117.168.171.27
545,71-566-9563,medical,530.69,FR,110.198.191.51
546,06-434-4255,fire,153.41,CN,250.234.43.162
547,22-626-2140,medical,127.78,CO,7.86.64.30
548,29-620-0032,medical,971.91,CN,57.234.42.142
549,46-689-9964,accidental,992.76,ID,147.11.238.232
550,93-846-4545,fire,188.16,ID,62.16.53.173
551,69-533-3287,fire,81.65,ID,124.238.237.190
552,10-247-9949,medical,896.05,BR,240.2.222.10
553,20-798-4950,medical,499.47,KM,75.93.205.169
554,82-549-4753,accidental,788.82,NE,203.110.41.194
555,73-769-2015,fire,629.17,PT,158.154.162.25
556,35-400-0338,accidental,451.45,RU,125.74.104.115
557,17-022-1925,car,585.92,CM,38.35.4.119
558,87-437-4418,fire,454.00,JP,151.99.151.230
559,35-485-1682,accidental,418.28,CN,41.54.13.192
560,69-711-8608,car,123.83,CN,144.113.212.235
561,08-487-1701,car,777.04,AR,183.203.156.220
562,08-826-0943,accidental,235.36,ID,197.170.90.133
563,89-215-7919,car,728.33,AL,5.122.140.16
564,41-005-7400,fire,657.67,MX,161.200.55.52
565,96-547-7690,accidental,491.45,SE,64.53.13.208
566,77-814-3494,car,172.25,BR,143.128.8.197
567,32-836-0670,medical,342.03,YE,227.209.23.162
568,72-450-2015,accidental,518.96,TH,117.219.85.73
569,79-988-8663,accidental,533.96,JP,44.157.35.173
570,65-684-9907,medical,39.49,CO,88.70.39.105
571,22-558-2347,car,417.44,SE,40.103.128.254
572,68-835-6341,car,762.59,US,225.137.35.212
573,59-469-7256,medical,175.51,CN,61.191.63.107
574,57-198-7984,fire,455.32,PH,76.164.43.160
575,78-241-5099,accidental,380.66,MX,246.165.212.157
576,32-365-7241,car,228.92,VN,61.10.51.7
577,22-253-4249,fire,758.23,BR,48.227.93.122
578,25-166-3363,car,88.94,ID,192.242.252.18
579,41-521-3088,fire,598.75,ID,47.35.243.130
580,81-744-4317,accidental,262.41,BR,114.173.222.247
581,00-527-8312,fire,347.66,TH,228.49.168.241
582,45-379-1465,medical,811.02,CA,227.22.11.161
583,29-240-9589,car,504.61,GR,30.98.132.226
584,60-856-6633,accidental,708.38,JM,10.174.250.247
585,67-910-7890,fire,621.70,PS,84.158.214.177
586,81-343-8115,medical,664.87,UA,123.75.111.151
587,78-365-9686,medical,775.18,ID,71.55.94.54
588,25-727-0277,fire,547.98,JO,210.124.207.235
589,14-872-9092,car,888.94,PH,147.105.6.63
590,79-091-5239,accidental,881.06,CN,160.87.69.254
591,47-057-6023,accidental,458.42,BR,142.131.191.141
592,72-990-4683,medical,845.64,CN,126.37.73.5
593,27-434-5809,fire,711.89,MK,18.102.220.132
594,64-454-9894,car,805.92,DO,150.167.43.155
595,16-134-6410,accidental,191.04,DE,171.255.67.240
596,90-081-1989,medical,889.45,MN,35.15.227.36
597,25-565-9820,car,259.17,ID,175.144.65.139
598,28-644-9389,fire,769.92,NG,11.253.185.95
599,34-978-9944,car,403.53,HR,121.17.185.236
600,52-508-6676,car,287.50,JP,76.129.162.168
601,54-776-2982,car,398.57,CN,184.236.239.174
602,21-871-0807,accidental,666.33,PT,228.61.156.250
603,05-698-2751,fire,250.00,RU,252.155.168.91
604,34-584-2494,medical,747.77,US,50.130.56.194
605,49-174-4737,fire,892.62,SV,77.131.215.217
606,33-878-8429,car,382.67,MZ,32.149.21.228
607,91-611-9764,fire,527.38,MN,48.190.91.190
608,71-493-5003,fire,903.29,FR,64.111.187.197
609,22-880-3382,accidental,946.10,CN,194.146.153.137
610,04-316-2761,accidental,708.44,MY,179.226.103.94
611,47-931-0290,fire,53.82,CZ,232.36.21.221
612,03-479-8954,accidental,249.03,CZ,185.233.7.144
613,03-454-9292,medical,673.94,CZ,255.137.116.182
614,54-153-2927,accidental,62.80,SO,91.188.181.130
615,35-768-9387,car,90.04,ID,4.178.207.62
616,94-057-7140,car,951.95,ID,142.251.35.131
617,78-829-6391,medical,314.38,BR,76.158.172.208
618,65-770-0330,accidental,432.18,BR,204.134.68.216
619,15-183-0963,medical,366.63,CD,183.182.145.62
620,35-922-0961,car,57.23,TT,20.243.242.242
621,22-696-8199,car,775.65,GU,68.132.222.238
622,92-858-3445,car,182.79,US,20.207.113.232
623,74-781-6287,medical,705.93,FR,6.24.221.154
624,84-217-6747,car,969.30,CN,69.54.1.202
625,01-235-3329,car,375.04,RU,227.194.126.212
626,99-622-2700,car,443.93,CN,134.102.152.76
627,53-542-9812,medical,988.45,CN,85.42.64.179
628,16-402-6511,fire,659.92,ID,102.17.217.147
629,20-326-6342,fire,922.09,SE,36.164.61.167
630,07-253-6259,fire,67.31,FR,254.141.27.213
631,64-416-8513,car,717.12,RU,79.242.62.153
632,55-902-9139,accidental,979.56,PY,76.181.64.52
633,64-789-9431,fire,953.02,BR,37.167.84.91
634,12-253-5572,fire,430.69,PL,9.182.3.16
635,11-175-0456,fire,103.06,NE,34.166.240.18
636,20-924-9657,fire,498.03,CN,25.208.136.143
637,93-921-6464,medical,304.16,CN,249.131.31.49
638,81-883-4186,accidental,853.56,CN,73.16.65.14
639,15-157-1085,accidental,555.95,CN,159.168.5.5
640,19-504-2680,fire,553.86,CZ,211.53.72.228
641,14-032-6334,accidental,442.90,SE,116.196.142.75
642,39-695-6887,fire,907.47,AF,142.160.20.62
643,42-231-5143,medical,74.12,TZ,66.183.13.150
644,08-292-2080,medical,727.70,IE,147.183.216.9
645,86-131-2038,accidental,313.47,DK,53.145.159.47
646,05-590-1631,fire,780.42,IT,209.188.20.173
647,21-577-8746,medical,889.88,ID,44.208.94.119
648,59-570-3488,car,829.12,FR,35.168.204.205
649,23-110-2468,car,837.47,BO,24.224.225.103
650,13-754-0820,fire,813.47,AR,204.54.237.196
651,89-102-7704,accidental,633.64,PL,108.169.139.130
652,09-597-2338,accidental,278.48,FR,82.115.212.139
653,21-264-4432,fire,227.70,PT,155.81.55.105
654,96-181-6819,medical,973.32,MX,208.38.117.153
655,01-429-4557,car,30.04,BR,20.23.64.197
656,28-595-8909,accidental,480.70,PL,248.98.12.190
657,33-006-2160,medical,605.77,CN,95.253.35.199
658,65-132-6661,car,844.72,PT,54.176.65.11
659,44-875-2778,fire,857.43,BR,100.207.18.226
660,34-428-7390,accidental,45.69,CN,172.50.88.70
661,67-767-9100,car,644.54,CN,200.8.160.36
662,39-298-2548,fire,437.19,CN,0.235.158.31
663,18-202-0252,accidental,670.24,CN,40.149.156.113
664,85-596-7818,accidental,882.35,MA,112.8.67.227
665,85-658-4473,car,944.84,PL,149.207.40.177
666,64-309-7286,car,106.53,CN,56.253.234.238
667,09-215-6191,accidental,220.32,CN,5.85.140.141
668,75-785-8690,medical,503.72,CN,219.202.105.109
669,42-668-6095,accidental,858.04,MK,109.225.255.46
670,74-681-6876,medical,20.53,BO,169.2.187.149
671,81-864-4587,medical,727.76,CN,76.88.194.25
672,94-284-4259,accidental,974.86,BR,197.224.119.160
673,82-227-8365,accidental,284.54,ID,93.108.54.199
674,13-510-4271,medical,63.40,ID,80.86.247.104
675,84-844-8713,fire,345.23,BR,218.87.84.80
676,72-860-1192,fire,29.89,CN,42.132.12.146
677,59-816-1724,accidental,244.76,CA,117.204.187.167
678,67-796-1374,accidental,355.85,BR,73.114.115.165
679,99-946-7295,fire,27.57,SE,191.210.60.94
680,27-737-2688,fire,769.65,CN,217.48.48.215
681,99-334-8115,fire,268.48,CZ,71.67.74.212
682,13-420-0318,accidental,925.11,PH,59.113.169.164
683,91-306-7609,car,208.36,ID,108.250.227.151
684,54-493-7445,accidental,916.42,PH,82.32.84.22
685,36-349-1522,accidental,498.57,SE,183.157.119.237
686,94-635-6910,fire,911.23,JP,126.213.92.143
687,25-704-8014,medical,242.66,CA,150.152.29.74
688,92-769-4391,medical,660.91,PH,47.239.71.42
689,12-548-7684,medical,256.72,FR,72.36.203.183
690,74-048-8806,accidental,820.87,PH,106.89.88.57
691,97-389-4387,car,389.17,ID,60.215.27.0
692,03-406-1974,medical,843.60,CN,69.31.143.183
693,55-702-9598,fire,360.41,JP,226.168.225.89
694,00-007-8084,accidental,286.68,TD,100.215.190.178
695,21-078-0150,medical,203.70,RU,44.63.79.72
696,13-964-2634,fire,365.40,EC,77.19.128.172
697,65-539-6099,accidental,980.52,BR,121.102.154.73
698,16-950-0906,accidental,562.14,CN,39.61.229.72
699,20-179-0837,car,16.98,CN,106.125.123.207
700,41-399-2079,fire,284.18,CN,101.47.140.88
701,83-494-9071,car,765.58,RU,160.119.154.20
702,75-477-0592,fire,112.02,PT,71.54.182.208
703,38-872-8187,accidental,77.36,CN,185.166.178.25
704,67-090-8193,medical,204.10,RU,233.117.112.5
705,18-408-8491,car,574.10,PL,113.216.59.106
706,50-961-6649,car,472.37,CN,203.185.105.7
707,55-652-0189,accidental,63.44,ID,175.222.53.255
708,68-653-7490,fire,684.81,CN,186.135.177.112
709,65-288-8803,accidental,532.85,PT,96.225.208.188
710,55-401-8333,accidental,133.98,CN,123.99.39.27
711,01-905-3501,accidental,849.83,CN,213.238.98.155
712,05-391-1676,fire,873.04,PH,55.11.0.163
713,57-338-6575,medical,777.29,CV,205.234.145.112
714,17-828-1348,medical,355.27,CN,47.15.94.117
715,53-369-7790,medical,82.17,FR,79.254.33.114
716,81-488-0957,fire,190.89,BR,88.241.198.65
717,50-727-8584,fire,708.98,AM,251.63.52.208
718,58-282-7397,accidental,728.36,CZ,27.93.196.161
719,63-443-5234,medical,919.66,FR,244.79.75.153
720,97-860-0286,medical,175.53,HT,140.209.75.46
721,58-603-7747,medical,467.39,RU,106.31.24.98
722,97-254-0491,accidental,151.74,ID,74.212.156.127
723,38-858-6277,fire,492.15,PL,20.55.49.189
724,39-921-5450,medical,80.68,PH,100.75.80.8
725,55-569-3906,accidental,946.04,PH,236.90.77.144
726,91-807-9592,fire,147.38,PT,192.131.7.95
727,60-966-4173,car,856.53,PL,48.157.75.166
728,07-808-6310,medical,740.62,FI,175.65.98.139
729,53-042-0228,accidental,953.96,AR,201.41.237.98
730,36-038-7087,medical,523.28,CN,130.180.45.169
731,04-035-9767,car,132.83,BR,200.129.19.150
732,07-989-8816,accidental,400.62,SD,192.23.120.236
733,18-729-4500,accidental,773.88,CO,192.116.9.244
734,38-625-3994,medical,75.67,ID,102.255.165.81
735,82-666-3503,car,477.43,PH,118.87.33.53
736,62-294-6760,fire,121.97,BT,56.234.242.41
737,59-924-8716,accidental,927.17,CZ,225.240.142.8
738,07-830-0432,fire,516.44,RU,90.20.181.247
739,40-637-1502,accidental,48.11,RU,135.190.139.90
740,61-308-5643,medical,453.70,FR,163.1.34.184
741,52-810-7131,medical,893.32,ET,29.242.229.232
742,06-084-3205,fire,409.28,HN,177.237.233.177
743,56-003-8487,car,126.50,RS,75.148.142.138
744,28-639-3081,car,465.47,US,54.25.220.94
745,67-706-0786,accidental,449.17,SE,176.83.227.48
746,92-268-7184,accidental,458.16,PT,139.152.249.163
747,96-306-7000,fire,174.45,RU,238.164.217.26
748,68-858-6370,medical,252.15,CN,148.16.65.173
749,11-525-9726,accidental,730.73,CN,207.7.195.105
750,03-791-8729,car,592.25,MK,144.163.145.46
751,96-034-3922,car,812.14,CN,253.165.46.45
752,48-422-7054,accidental,989.00,NO,208.172.131.197
753,18-964-6942,accidental,301.32,RS,182.249.90.204
754,93-731-3563,medical,276.07,ID,200.168.13.213
755,99-781-6900,accidental,344.41,CN,136.252.94.52
756,66-081-8484,accidental,747.44,JP,144.166.13.169
757,92-350-0939,medical,998.54,PH,33.143.82.181
758,97-965-3699,medical,487.85,ID,121.101.182.113
759,48-146-0064,medical,591.18,DO,75.188.180.143
760,25-653-9814,accidental,984.83,CN,40.219.228.124
761,21-159-7665,car,254.03,JP,219.71.172.254
762,59-799-9467,fire,647.17,CN,219.153.226.45
763,29-203-0276,car,308.86,CN,67.48.5.237
764,20-361-0687,accidental,809.50,US,85.95.190.122
765,34-591-7836,accidental,492.92,RS,225.63.65.152
766,91-585-5934,fire,94.85,PL,28.211.160.216
767,75-804-7517,fire,552.02,CN,154.81.128.115
768,11-848-6311,accidental,962.79,PL,221.249.181.29
769,40-732-2916,accidental,983.81,ID,16.173.162.27
770,27-738-9059,car,342.57,YE,75.17.42.229
771,49-141-4542,fire,633.08,CN,195.96.191.150
772,51-824-5638,fire,569.48,CM,90.219.199.81
773,25-730-1061,medical,526.20,CN,89.143.50.36
774,73-464-4498,fire,67.73,RU,10.207.70.180
775,34-814-0961,accidental,202.64,MW,41.149.14.67
776,69-925-6616,accidental,875.13,ID,66.8.160.64
777,46-787-0667,fire,647.92,PH,95.230.175.229
778,37-918-3146,car,848.87,SO,73.36.247.231
779,54-687-5019,car,318.26,PL,250.219.84.100
780,86-896-2394,accidental,620.98,US,46.242.108.46
781,51-295-0303,accidental,375.38,RU,235.10.249.75
782,08-105-6864,medical,438.32,NO,194.16.129.99
783,06-561-9099,car,69.62,SY,246.185.243.57
784,39-025-1925,fire,55.28,CO,28.94.199.14
785,13-264-9862,fire,829.78,AR,64.21.111.16
786,00-963-4848,fire,415.04,SE,58.195.130.170
787,49-005-0614,fire,318.01,SL,223.192.76.88
788,20-202-6899,medical,207.68,CN,204.72.114.4
789,52-083-5321,car,294.04,FR,235.146.27.85
790,11-088-2450,car,240.45,SE,178.159.157.219
791,08-962-3462,fire,499.39,BR,15.32.114.53
792,18-519-9818,car,465.89,ID,133.252.177.157
793,97-785-7446,fire,693.37,PH,135.139.86.79
794,02-320-4369,fire,502.90,FR,189.127.110.175
795,04-615-6809,car,113.53,MX,57.90.178.0
796,02-890-4088,medical,251.33,GT,33.136.166.134
797,54-345-7286,fire,421.40,JM,199.106.144.89
798,32-931-1743,accidental,863.73,TH,255.101.59.2
799,28-972-9351,car,987.02,SE,65.46.54.128
800,14-507-3791,fire,56.99,ID,171.62.124.225
801,80-860-9387,accidental,161.93,CN,103.56.58.140
802,29-309-1812,accidental,82.57,BA,142.84.254.107
803,46-275-5416,accidental,339.57,ER,79.71.55.99
804,68-889-2631,accidental,720.27,IR,60.254.203.218
805,27-985-0273,fire,470.57,PE,117.13.209.5
806,11-468-2768,car,996.82,ID,119.35.215.63
807,95-183-4914,fire,563.96,ID,84.214.247.141
808,63-829-8291,accidental,815.33,JP,23.122.126.249
809,49-376-7009,medical,396.07,UA,186.144.102.86
810,05-626-2697,car,269.75,EC,84.3.7.74
811,81-544-4712,medical,296.09,CZ,248.196.0.83
812,46-523-4842,medical,369.13,PA,149.88.5.196
813,08-805-6128,accidental,365.77,PT,127.221.140.74
814,78-716-2836,accidental,998.02,PH,168.233.88.29
815,63-061-1845,accidental,728.34,CN,50.242.169.85
816,31-110-0456,accidental,251.22,NZ,146.241.123.219
817,44-901-8712,car,600.96,CN,102.73.104.127
818,75-204-3418,accidental,353.06,PT,80.106.152.145
819,31-418-8761,fire,862.34,CN,111.118.230.121
820,56-929-5255,fire,857.00,SE,254.35.0.168
821,68-042-3862,medical,430.09,JM,136.33.229.79
822,31-397-1956,fire,476.00,RS,65.141.162.34
823,35-917-4570,medical,226.99,PK,28.125.64.186
824,58-870-1324,fire,180.21,CI,176.246.204.84
825,49-309-3687,car,614.99,PL,201.187.201.72
826,59-951-5588,medical,709.87,AF,22.147.238.155
827,15-550-2633,medical,615.27,MN,147.246.239.216
828,45-993-7702,medical,169.20,PH,42.224.201.15
829,75-901-3709,accidental,121.47,ID,227.91.139.61
830,12-736-2683,car,161.58,RU,88.174.76.149
831,71-197-1705,car,272.40,UZ,221.211.166.132
832,45-411-3798,fire,578.77,CZ,58.139.102.12
833,14-972-2236,accidental,948.55,CN,93.199.157.186
834,64-764-1465,car,669.35,CN,84.253.148.12
835,43-626-6364,accidental,119.37,BR,126.135.61.125
836,41-236-2642,car,221.28,EE,9.43.128.231
837,21-884-8762,medical,739.33,MY,58.113.160.223
838,20-025-8349,car,50.10,PL,254.204.69.178
839,07-725-5936,car,72.65,KZ,36.21.170.140
840,32-437-1643,accidental,60.93,US,102.46.20.92
841,62-713-8086,fire,22.49,MT,10.169.165.240
842,30-553-0827,fire,643.94,CA,77.135.113.164
843,15-558-7393,fire,815.90,CN,164.1.218.141
844,73-908-1778,medical,336.21,CO,49.99.43.219
845,24-726-5154,car,426.38,ID,73.157.49.3
846,83-022-0906,fire,593.92,ID,220.247.81.220
847,52-384-7453,car,999.85,JP,84.188.97.166
848,30-560-8984,car,357.52,MY,36.67.213.154
849,73-310-7548,car,157.52,CN,4.127.71.31
850,48-368-6372,car,554.88,CN,18.74.140.215
851,04-352-8010,medical,864.48,PH,106.175.205.232
852,44-467-8814,medical,465.95,RU,212.117.197.225
853,48-396-2109,fire,36.97,YE,166.252.76.160
854,82-018-8588,fire,368.98,LK,0.48.93.21
855,46-587-0232,fire,442.91,UA,52.141.254.165
856,84-304-3506,medical,454.38,US,44.67.185.198
857,09-356-0757,accidental,422.37,CN,184.21.127.112
858,90-949-7229,car,952.83,AZ,54.99.109.46
859,69-808-1909,car,404.19,MX,35.3.13.245
860,07-649-9179,medical,203.04,UA,240.195.210.220
861,13-647-6441,fire,434.29,HN,68.79.247.5
862,86-153-3063,car,83.06,JP,30.182.14.58
863,50-874-8918,medical,477.82,ID,224.121.247.92
864,42-556-2115,accidental,414.42,ID,176.51.112.237
865,80-207-2432,medical,799.78,PT,58.132.49.239
866,67-814-4955,medical,243.96,PH,51.135.10.61
867,53-453-0020,fire,774.59,RU,21.240.237.62
868,66-862-2442,accidental,693.78,PH,249.149.25.190
869,24-566-5494,accidental,524.40,RU,79.22.38.191
870,43-171-4021,medical,581.98,TH,69.19.191.154
871,35-341-3786,car,214.77,CN,237.79.92.123
872,47-050-8398,car,751.97,CN,33.87.228.140
873,06-602-8975,accidental,934.92,PH,157.173.31.86
874,05-024-4603,medical,533.25,PH,165.251.187.116
875,41-356-9685,medical,772.57,NL,86.222.123.106
876,96-643-2531,fire,432.92,CN,169.31.77.118
877,09-372-7989,car,424.28,ZM,253.118.152.176
878,86-289-5550,medical,702.20,US,94.17.154.140
879,00-569-3357,accidental,280.61,US,187.117.247.124
880,66-108-3464,accidental,985.56,BG,210.34.62.142
881,24-724-1256,fire,597.97,CN,255.135.39.136
882,55-982-5011,fire,850.43,CZ,220.51.97.89
883,72-079-9363,medical,391.83,PT,124.254.224.154
884,80-442-5205,accidental,738.04,ID,165.0.113.51
885,60-100-8829,fire,42.97,BR,65.117.134.44
886,36-704-0061,accidental,900.67,US,33.236.31.15
887,91-458-2129,accidental,680.48,PK,137.233.216.50
888,62-661-6642,fire,508.83,PK,102.9.159.235
889,88-184-2312,accidental,861.82,HR,59.120.232.28
890,00-242-1714,accidental,737.00,TM,2.134.231.139
891,77-659-0515,car,953.25,IE,210.25.218.151
892,93-927-3610,fire,356.10,CN,52.148.41.143
893,46-404-2995,medical,251.54,BR,18.12.114.192
894,47-379-6828,accidental,541.32,CN,184.9.221.236
895,12-969-4496,accidental,805.64,CN,23.174.180.154
896,83-447-7057,accidental,70.44,CN,239.211.66.68
897,95-935-2841,car,807.92,CN,227.246.175.61
898,54-984-8604,accidental,346.83,VE,174.21.152.13
899,43-737-4664,car,678.95,CN,19.40.178.147
900,68-126-5016,fire,804.89,TZ,122.223.11.53
901,98-814-2664,car,433.60,CN,102.136.233.239
902,27-877-1932,fire,298.85,CN,207.183.159.22
903,56-509-8808,car,570.99,TZ,44.140.115.9
904,79-720-8510,fire,634.22,RU,28.0.69.107
905,12-974-2105,accidental,433.51,NO,175.128.202.117
906,66-518-8318,fire,473.12,CN,171.180.183.173
907,63-757-9506,accidental,465.69,PK,139.247.167.136
908,85-101-8566,car,892.49,GR,7.243.247.231
909,71-927-6779,medical,333.17,HU,133.90.146.190
910,23-839-6871,car,605.36,CN,31.163.195.73
911,67-296-0199,fire,830.37,HU,90.207.126.25
912,87-609-7839,accidental,15.18,MU,11.41.234.110
913,73-659-6109,medical,937.84,PL,166.206.165.188
914,86-326-1648,car,261.41,TH,92.56.139.199
915,95-162-7993,medical,807.05,CO,24.43.103.26
916,46-429-1310,medical,206.50,CZ,22.12.99.125
917,81-317-4102,car,294.93,BJ,134.111.152.91
918,49-841-6261,medical,546.34,LY,57.137.97.210
919,41-196-4161,car,281.04,PE,237.234.107.28
920,67-407-8610,fire,310.93,KZ,77.132.34.255
921,15-207-3763,fire,233.43,CO,79.229.186.65
922,46-446-3095,medical,275.01,FR,125.50.123.69
923,62-902-6105,fire,200.47,TH,255.97.194.57
924,95-369-3787,car,853.05,CN,127.117.212.105
925,79-499-4970,medical,983.48,AR,125.38.254.19
926,69-968-2703,accidental,818.20,CZ,58.111.131.141
927,71-926-4156,medical,204.06,SY,219.234.96.44
928,98-821-2761,car,652.31,RU,247.222.58.88
929,48-860-0646,fire,787.54,CN,251.227.238.125
930,70-296-0758,accidental,492.54,JP,182.82.90.133
931,54-490-3112,car,342.15,RU,69.82.205.73
932,60-255-2902,accidental,984.94,JP,17.193.96.17
933,91-999-3604,car,959.02,US,6.192.131.203
934,48-857-7874,car,944.94,CN,208.140.246.94
935,70-533-9456,fire,404.48,CN,151.137.113.8
936,81-169-9450,car,648.42,ID,98.108.83.160
937,33-530-5901,car,320.36,EG,183.81.173.128
938,25-876-8927,fire,745.87,AZ,220.229.72.154
939,78-687-2127,medical,28.94,FR,1.208.103.21
940,93-057-4185,medical,504.08,GB,92.189.137.104
941,80-534-3333,fire,988.70,ID,182.4.96.160
942,14-924-4592,car,472.97,SY,197.77.190.41
943,09-798-6838,medical,64.42,ID,239.2.195.70
944,11-981-5478,accidental,588.56,FO,121.64.73.76
945,82-211-8964,car,618.41,ID,56.252.49.24
946,57-329-8986,accidental,812.94,NO,28.220.157.106
947,62-273-3863,fire,887.69,TZ,109.46.78.134
948,05-571-9165,accidental,763.76,CA,141.199.128.8
949,76-656-4207,car,321.68,CO,122.148.33.139
950,10-870-5449,car,784.97,CZ,12.224.206.118
951,57-048-3410,accidental,517.37,CM,157.131.90.161
952,73-871-5602,medical,737.53,LK,41.125.136.236
953,41-345-4909,accidental,613.01,PT,41.213.110.214
954,84-306-0456,car,742.79,IE,55.113.125.181
955,00-740-4812,accidental,159.91,ID,23.254.71.36
956,05-680-2020,accidental,442.03,CN,185.118.19.182
957,32-565-7470,medical,394.68,FR,94.211.230.130
958,13-538-8633,accidental,164.18,RU,240.224.156.120
959,77-343-3229,car,897.51,PT,25.36.246.247
960,73-245-2929,accidental,747.82,LC,106.92.137.41
961,15-335-7452,medical,675.15,CN,232.63.223.64
962,97-108-8920,medical,137.40,US,190.20.92.155
963,17-702-6134,accidental,205.58,ID,125.240.41.188
964,53-976-9962,fire,987.10,RU,34.137.231.214
965,93-706-9113,fire,388.76,AR,165.125.167.138
966,29-261-6295,fire,937.34,TN,201.108.192.236
967,88-823-9776,medical,697.76,PL,190.79.149.123
968,29-972-3106,car,760.77,JP,68.96.5.2
969,50-517-5227,accidental,772.63,KZ,167.116.19.67
970,76-539-9732,medical,879.58,US,97.115.118.231
971,19-246-3559,fire,365.00,ID,48.156.78.167
972,72-728-3218,accidental,509.47,BR,201.221.172.90
973,96-887-8505,car,997.24,US,201.203.197.168
974,94-364-9176,car,557.77,BR,196.65.27.72
975,78-084-1806,fire,926.57,CN,71.244.82.135
976,65-431-0563,car,489.86,BD,139.114.28.185
977,46-480-5676,medical,59.48,SE,249.186.14.57
978,23-108-2714,fire,70.61,BR,197.97.179.189
979,63-690-0180,fire,564.89,SI,24.65.238.183
980,00-544-1744,car,473.74,IE,172.88.80.164
981,14-975-0693,accidental,860.95,DE,33.129.235.96
982,87-599-8600,car,888.20,CN,239.191.4.99
983,55-132-2581,medical,307.20,PH,180.158.13.251
984,86-166-2844,accidental,331.76,BG,173.218.94.119
985,59-632-2217,medical,598.03,SE,48.197.106.7
986,09-178-3362,car,986.02,ML,136.79.103.67
987,17-847-0824,accidental,664.40,ID,73.127.252.107
988,93-723-3530,car,805.58,CN,245.85.105.246
989,49-509-4670,medical,474.26,CN,104.17.53.34
990,73-178-3967,medical,681.88,SE,57.40.221.36
991,04-012-0338,medical,345.00,NG,197.30.194.15
992,32-436-0243,accidental,943.58,RU,191.85.65.186
993,59-352-4544,medical,142.18,GT,52.46.28.162
994,89-319-0666,accidental,338.55,CN,210.209.125.116
995,15-399-9825,fire,829.99,RU,240.204.56.101
996,41-567-9555,accidental,674.08,PT,26.118.191.113
997,70-344-9685,car,933.15,ID,159.123.67.73
998,94-313-3674,fire,29.13,PK,25.76.49.156
999,76-195-5522,accidental,234.66,SE,212.95.5.14
1000,05-009-8303,fire,174.97,KR,125.230.3.18
